"time","lon","lat","alt","flight"
2017-07-15 05:59:19,-117.21098,32.73898,183,"AAL1275"
2017-07-15 05:59:36,-117.22542,32.74556,427,"AAL1275"
2017-07-15 05:59:52,-117.23941,32.7519,549,"AAL1275"
2017-07-15 06:00:08,-117.25574,32.75943,640,"AAL1275"
2017-07-15 06:00:24,-117.2731,32.76827,762,"AAL1275"
2017-07-15 06:00:40,-117.29313,32.77644,914,"AAL1275"
2017-07-15 06:00:56,-117.31548,32.77558,1128,"AAL1275"
2017-07-15 06:01:12,-117.33752,32.76405,1402,"AAL1275"
2017-07-15 06:01:29,-117.35017,32.74536,1585,"AAL1275"
2017-07-15 06:01:45,-117.35199,32.72305,1798,"AAL1275"
2017-07-15 06:02:02,-117.34089,32.70249,2012,"AAL1275"
2017-07-15 06:02:18,-117.32437,32.68811,2225,"AAL1275"
2017-07-15 06:02:34,-117.30359,32.67442,2438,"AAL1275"
2017-07-15 06:02:50,-117.28375,32.66154,2591,"AAL1275"
2017-07-15 06:03:06,-117.26344,32.64669,2835,"AAL1275"
2017-07-15 06:03:23,-117.24171,32.63356,3048,"AAL1275"
2017-07-15 06:03:39,-117.2161,32.62664,3200,"AAL1275"
2017-07-15 06:03:55,-117.18872,32.62663,3322,"AAL1275"
2017-07-15 06:04:11,-117.16112,32.62536,3353,"AAL1275"
2017-07-15 06:04:28,-117.12954,32.62423,3536,"AAL1275"
2017-07-15 06:04:44,-117.09939,32.62116,3688,"AAL1275"
2017-07-15 06:05:00,-117.06917,32.61751,3871,"AAL1275"
2017-07-15 06:05:16,-117.03968,32.61456,4084,"AAL1275"
2017-07-15 06:05:32,-117.00974,32.61157,4298,"AAL1275"
2017-07-15 06:07:17,-116.79824,32.62793,5273,"AAL1275"
2017-07-15 06:07:32,-116.77004,32.64355,5425,"AAL1275"
2017-07-15 06:08:06,-116.73501,32.69769,5791,"AAL1275"
2017-07-15 06:08:43,-116.70804,32.76328,6066,"AAL1275"
2017-07-15 06:09:13,-116.6826,32.81685,6309,"AAL1275"
2017-07-15 06:09:43,-116.65607,32.87068,6553,"AAL1275"
2017-07-15 06:10:13,-116.6285,32.9263,6797,"AAL1275"
2017-07-15 06:10:43,-116.60081,32.98251,7010,"AAL1275"
2017-07-15 06:11:13,-116.57329,33.0377,7254,"AAL1275"
2017-07-15 06:11:43,-116.54335,33.09462,7437,"AAL1275"
2017-07-15 06:12:13,-116.51853,33.14152,7590,"AAL1275"
2017-07-15 06:12:44,-116.48188,33.21126,7620,"AAL1275"
2017-07-15 06:13:14,-116.45189,33.26848,7711,"AAL1275"
2017-07-15 06:13:44,-116.4208,33.3278,7955,"AAL1275"
2017-07-15 06:14:14,-116.39112,33.38475,8108,"AAL1275"
2017-07-15 06:14:44,-116.36074,33.44308,8291,"AAL1275"
2017-07-15 06:15:14,-116.32946,33.50351,8412,"AAL1275"
2017-07-15 06:15:44,-116.30138,33.55751,8534,"AAL1275"
2017-07-15 06:16:17,-116.26637,33.62361,8656,"AAL1275"
2017-07-15 06:16:49,-116.22969,33.6931,8809,"AAL1275"
2017-07-15 06:17:19,-116.19326,33.76057,8961,"AAL1275"
2017-07-15 06:17:50,-116.15576,33.82224,9144,"AAL1275"
2017-07-15 06:18:20,-116.11854,33.88211,9357,"AAL1275"
2017-07-15 06:19:31,-116.027,34.02727,9449,"AAL1275"
2017-07-15 06:20:01,-115.98901,34.08709,9449,"AAL1275"
2017-07-15 06:20:31,-115.9506,34.14789,9449,"AAL1275"
2017-07-15 06:21:01,-115.91137,34.21005,9510,"AAL1275"
2017-07-15 06:21:31,-115.87543,34.26706,9662,"AAL1275"
2017-07-15 06:22:01,-115.83699,34.32793,9845,"AAL1275"
2017-07-15 06:22:34,-115.79561,34.3934,10028,"AAL1275"
2017-07-15 06:23:07,-115.7542,34.45876,10058,"AAL1275"
2017-07-15 06:23:37,-115.71613,34.519,10058,"AAL1275"
2017-07-15 06:24:08,-115.67611,34.58199,10058,"AAL1275"
2017-07-15 06:24:39,-115.63631,34.64455,10058,"AAL1275"
2017-07-15 06:25:09,-115.59831,34.70435,10058,"AAL1275"
2017-07-15 06:25:39,-115.56037,34.76385,10058,"AAL1275"
2017-07-15 06:26:15,-115.51395,34.83641,10058,"AAL1275"
2017-07-15 06:26:45,-115.47798,34.89286,10058,"AAL1275"
2017-07-15 06:27:16,-115.43632,34.95781,10058,"AAL1275"
2017-07-15 06:27:46,-115.39877,35.01631,10058,"AAL1275"
2017-07-15 06:28:16,-115.35992,35.07664,10058,"AAL1275"
2017-07-15 06:28:46,-115.32343,35.13316,10058,"AAL1275"
2017-07-15 06:29:16,-115.28378,35.19452,10058,"AAL1275"
2017-07-15 06:29:47,-115.24738,35.25078,10058,"AAL1275"
2017-07-15 06:30:17,-115.2063,35.31422,10058,"AAL1275"
2017-07-15 06:30:47,-115.16865,35.37222,10058,"AAL1275"
2017-07-15 06:31:17,-115.13071,35.43068,10058,"AAL1275"
2017-07-15 06:31:34,-115.10593,35.46822,10058,"AAL1275"
2017-07-15 06:31:49,-115.08453,35.4949,10058,"AAL1275"
2017-07-15 06:32:15,-115.03638,35.53975,10058,"AAL1275"
2017-07-15 06:32:49,-114.96976,35.589,10058,"AAL1275"
2017-07-15 06:33:21,-114.90183,35.63901,10058,"AAL1275"
2017-07-15 06:33:51,-114.84015,35.68415,10058,"AAL1275"
2017-07-15 06:34:21,-114.7789,35.72889,10058,"AAL1275"
2017-07-15 06:35:21,-114.66368,35.81378,10058,"AAL1275"
2017-07-15 06:35:51,-114.59494,35.86333,10058,"AAL1275"
2017-07-15 06:36:21,-114.53317,35.9076,10058,"AAL1275"
2017-07-15 06:36:51,-114.47234,35.95132,10058,"AAL1275"
2017-07-15 06:37:22,-114.4073,35.9981,10058,"AAL1275"
2017-07-15 06:37:52,-114.34593,36.04216,10058,"AAL1275"
2017-07-15 06:38:54,-114.22279,36.13797,10058,"AAL1275"
2017-07-15 06:39:27,-114.16203,36.18846,10058,"AAL1275"
2017-07-15 06:39:58,-114.10067,36.23948,10058,"AAL1275"
2017-07-15 06:40:38,-114.04747,36.28368,10058,"AAL1275"
2017-07-15 06:41:09,-114.07876,36.25768,10058,"AAL1275"
2017-07-15 06:42:05,-113.85932,36.43928,10058,"AAL1275"
2017-07-15 06:42:36,-113.80194,36.48648,10058,"AAL1275"
2017-07-15 06:43:06,-113.73842,36.53857,10058,"AAL1275"
2017-07-15 06:43:36,-113.67957,36.58685,10058,"AAL1275"
2017-07-15 06:44:06,-113.62096,36.63484,10058,"AAL1275"
2017-07-15 06:45:12,-113.49222,36.73977,10058,"AAL1275"
2017-07-15 06:45:42,-113.43378,36.78725,10058,"AAL1275"
2017-07-15 06:46:12,-113.37564,36.83427,10058,"AAL1275"
2017-07-15 06:46:42,-113.31661,36.88211,10058,"AAL1275"
2017-07-15 06:47:12,-113.25876,36.92894,10058,"AAL1275"
2017-07-15 06:47:42,-113.19979,36.97655,10058,"AAL1275"
2017-07-15 06:48:13,-113.14186,37.02337,10058,"AAL1275"
2017-07-15 06:48:43,-113.08222,37.07135,10058,"AAL1275"
2017-07-15 06:49:13,-113.02382,37.11829,10058,"AAL1275"
2017-07-15 06:49:43,-112.96387,37.16628,10058,"AAL1275"
2017-07-15 06:50:13,-112.90597,37.21252,10058,"AAL1275"
2017-07-15 06:50:43,-112.84595,37.26054,10058,"AAL1275"
2017-07-15 06:51:13,-112.78564,37.30883,10058,"AAL1275"
2017-07-15 06:51:43,-112.72756,37.35493,10058,"AAL1275"
2017-07-15 06:52:13,-112.66605,37.40375,10058,"AAL1275"
2017-07-15 06:52:43,-112.61314,37.44557,10058,"AAL1275"
2017-07-15 06:53:13,-112.54628,37.49844,10058,"AAL1275"
2017-07-15 06:53:43,-112.48621,37.54582,10058,"AAL1275"
2017-07-15 06:54:13,-112.42608,37.59307,10058,"AAL1275"
2017-07-15 06:54:45,-112.36798,37.63879,10058,"AAL1275"
2017-07-15 06:55:50,-112.22588,37.73422,10058,"AAL1275"
2017-07-15 06:56:50,-112.10658,37.80335,10058,"AAL1275"
2017-07-15 06:57:57,-111.93765,37.90073,10058,"AAL1275"
2017-07-15 06:59:02,-111.81306,37.97222,10058,"AAL1275"
2017-07-15 06:59:20,-111.8438,37.9546,10058,"AAL1275"
2017-07-15 06:59:57,-111.72564,38.0221,10058,"AAL1275"
2017-07-15 07:00:29,-111.58575,38.10161,10058,"AAL1275"
2017-07-15 07:00:59,-111.51768,38.14029,10058,"AAL1275"
2017-07-15 07:01:39,-111.42603,38.19211,10058,"AAL1275"
2017-07-15 07:02:45,-111.27736,38.27596,10058,"AAL1275"
2017-07-15 07:03:15,-111.20484,38.3167,10058,"AAL1275"
2017-07-15 07:03:51,-111.19309,38.32333,10058,"AAL1275"
2017-07-15 07:04:27,-111.03853,38.40985,10058,"AAL1275"
2017-07-15 07:04:57,-110.96944,38.44839,10058,"AAL1275"
2017-07-15 07:05:27,-110.89935,38.48748,10058,"AAL1275"
2017-07-15 07:05:57,-110.82819,38.527,10058,"AAL1275"
2017-07-15 07:06:27,-110.75854,38.5656,10058,"AAL1275"
2017-07-15 07:06:57,-110.69122,38.60284,10058,"AAL1275"
2017-07-15 07:08:07,-110.52855,38.69261,10058,"AAL1275"
2017-07-15 07:08:09,-110.52028,38.69722,10058,"AAL1275"
2017-07-15 07:08:40,-110.45589,38.73248,10058,"AAL1275"
2017-07-15 07:09:12,-110.37488,38.77676,10058,"AAL1275"
2017-07-15 07:09:44,-110.30351,38.8157,10058,"AAL1275"
2017-07-15 07:10:58,-110.12354,38.91385,10058,"AAL1275"
2017-07-15 07:12:13,-109.95618,39.00454,10058,"AAL1275"
2017-07-15 07:13:13,-109.80811,39.08428,10058,"AAL1275"
2017-07-15 07:13:43,-109.75848,39.11096,10058,"AAL1275"
2017-07-15 07:14:27,-109.63879,39.17506,10058,"AAL1275"
2017-07-15 07:14:58,-109.55907,39.21758,10058,"AAL1275"
2017-07-15 07:15:59,-109.41614,39.29377,10058,"AAL1275"
2017-07-15 07:16:29,-109.34473,39.33175,10058,"AAL1275"
2017-07-15 07:17:29,-109.20165,39.40732,10058,"AAL1275"
2017-07-15 07:17:59,-109.13049,39.44478,10058,"AAL1275"
2017-07-15 07:19:16,-109.03772,39.49357,10058,"AAL1275"
2017-07-15 07:20:27,-108.7828,39.62691,10058,"AAL1275"
2017-07-15 07:21:00,-108.70285,39.66838,10058,"AAL1275"
2017-07-15 07:22:00,-108.56015,39.74226,10058,"AAL1275"
2017-07-15 07:23:00,-108.41744,39.81601,10058,"AAL1275"
2017-07-15 07:24:00,-108.27349,39.88989,10058,"AAL1275"
2017-07-15 07:25:03,-108.12463,39.96584,10058,"AAL1275"
2017-07-15 07:25:33,-108.0526,40.00252,10058,"AAL1275"
2017-07-15 07:26:03,-107.98206,40.03853,10058,"AAL1275"
2017-07-15 07:26:33,-107.90564,40.07469,10058,"AAL1275"
2017-07-15 07:27:35,-107.74646,40.13521,10058,"AAL1275"
2017-07-15 07:28:13,-107.65051,40.17169,10058,"AAL1275"
2017-07-15 07:28:43,-107.57373,40.20099,10058,"AAL1275"
2017-07-15 07:29:13,-107.49766,40.22989,10058,"AAL1275"
2017-07-15 07:29:43,-107.42157,40.25871,10058,"AAL1275"
2017-07-15 07:30:13,-107.3476,40.28649,10058,"AAL1275"
2017-07-15 07:30:43,-107.27094,40.31526,10058,"AAL1275"
2017-07-15 07:31:13,-107.19287,40.34441,10058,"AAL1275"
2017-07-15 07:31:43,-107.11536,40.37325,10058,"AAL1275"
2017-07-15 07:32:44,-106.95648,40.43211,10058,"AAL1275"
2017-07-15 07:33:44,-106.7995,40.49011,10058,"AAL1275"
2017-07-15 07:34:44,-106.64917,40.54546,10058,"AAL1275"
2017-07-15 07:35:47,-106.47827,40.60785,10058,"AAL1275"
2017-07-15 07:36:47,-106.31952,40.66557,10058,"AAL1275"
2017-07-15 07:37:17,-106.24023,40.69434,10058,"AAL1275"
2017-07-15 07:37:47,-106.16126,40.72283,10058,"AAL1275"
2017-07-15 07:38:17,-106.08148,40.75136,10058,"AAL1275"
2017-07-15 07:38:48,-105.99953,40.78069,10058,"AAL1275"
2017-07-15 07:39:18,-105.91863,40.8096,10058,"AAL1275"
2017-07-15 07:39:48,-105.83832,40.83833,10058,"AAL1275"
2017-07-15 07:40:18,-105.7597,40.86635,10058,"AAL1275"
2017-07-15 07:40:48,-105.677,40.89574,10058,"AAL1275"
2017-07-15 07:41:19,-105.59347,40.92528,10058,"AAL1275"
2017-07-15 07:41:49,-105.51457,40.95317,10058,"AAL1275"
2017-07-15 07:42:19,-105.4313,40.98254,10058,"AAL1275"
2017-07-15 07:42:55,-105.34678,41.0122,10058,"AAL1275"
2017-07-15 07:43:25,-105.25201,41.04524,10058,"AAL1275"
2017-07-15 07:43:56,-105.17268,41.07281,10241,"AAL1275"
2017-07-15 07:44:26,-105.08928,41.10162,10485,"AAL1275"
2017-07-15 07:44:56,-105.00526,41.13072,10668,"AAL1275"
2017-07-15 07:45:26,-104.93848,41.15382,10820,"AAL1275"
2017-07-15 07:45:56,-104.84528,41.18598,11003,"AAL1275"
2017-07-15 07:46:26,-104.76282,41.21278,11156,"AAL1275"
2017-07-15 07:46:56,-104.68152,41.23233,11278,"AAL1275"
2017-07-15 07:47:27,-104.59399,41.2532,11278,"AAL1275"
2017-07-15 07:47:57,-104.51038,41.27303,11278,"AAL1275"
2017-07-15 07:48:27,-104.42511,41.29298,11278,"AAL1275"
2017-07-15 07:48:58,-104.33966,41.31299,11278,"AAL1275"
2017-07-15 07:49:28,-104.25409,41.33313,11278,"AAL1275"
2017-07-15 07:50:28,-104.08622,41.37195,11278,"AAL1275"
2017-07-15 07:51:35,-103.90933,41.41259,11278,"AAL1275"
2017-07-15 07:52:35,-103.72717,41.45407,11278,"AAL1275"
2017-07-15 07:53:36,-103.55763,41.49248,11278,"AAL1275"
2017-07-15 07:54:17,-103.44514,41.51784,11278,"AAL1275"
2017-07-15 07:54:49,-103.38096,41.53228,11278,"AAL1275"
2017-07-15 07:55:51,-103.1688,41.57945,11278,"AAL1275"
2017-07-15 07:56:52,-102.99651,41.61722,11278,"AAL1275"
2017-07-15 07:57:52,-102.82073,41.65585,11278,"AAL1275"
2017-07-15 07:58:55,-102.64033,41.6949,11278,"AAL1275"
2017-07-15 07:59:57,-102.45962,41.7339,11278,"AAL1275"
2017-07-15 08:01:01,-102.27345,41.77365,11278,"AAL1275"
2017-07-15 08:02:05,-102.0893,41.81243,11278,"AAL1275"
2017-07-15 08:02:06,-102.10667,41.81417,11278,"AAL1275"
2017-07-15 08:03:05,-101.91397,41.84911,11278,"AAL1275"
2017-07-15 08:04:07,-101.73696,41.88597,11278,"AAL1275"
2017-07-15 08:05:07,-101.56111,41.92218,11278,"AAL1275"
2017-07-15 08:06:07,-101.38548,41.95804,11278,"AAL1275"
2017-07-15 08:07:08,-101.21049,41.99355,11278,"AAL1275"
2017-07-15 08:07:38,-101.12391,42.01085,11278,"AAL1275"
2017-07-15 08:08:08,-101.03609,42.02815,11278,"AAL1275"
2017-07-15 08:08:38,-100.94838,42.04555,11278,"AAL1275"
2017-07-15 08:09:14,-100.846,42.06587,11278,"AAL1275"
2017-07-15 08:09:48,-100.74669,42.08556,11278,"AAL1275"
2017-07-15 08:10:48,-100.57222,42.11998,11278,"AAL1275"
2017-07-15 08:11:18,-100.48824,42.13643,11278,"AAL1275"
2017-07-15 08:12:18,-100.30843,42.17125,11278,"AAL1275"
2017-07-15 08:13:18,-100.13064,42.20526,11278,"AAL1275"
2017-07-15 08:13:48,-100.04118,42.22232,11278,"AAL1275"
2017-07-15 08:14:18,-99.95355,42.23895,11278,"AAL1275"
2017-07-15 08:14:48,-99.86572,42.25557,11278,"AAL1275"
2017-07-15 08:15:49,-99.69244,42.28798,11278,"AAL1275"
2017-07-15 08:16:19,-99.59905,42.30528,11278,"AAL1275"
2017-07-15 08:17:19,-99.4219,42.33801,11278,"AAL1275"
2017-07-15 08:18:19,-99.24589,42.37022,11278,"AAL1275"
2017-07-15 08:19:27,-99.041,42.40736,11278,"AAL1275"
2017-07-15 08:20:34,-98.84599,42.44225,11278,"AAL1275"
2017-07-15 08:21:37,-98.65838,42.47156,11278,"AAL1275"
2017-07-15 08:21:38,-98.68333,42.46944,11278,"AAL1275"
2017-07-15 08:22:48,-98.44237,42.48267,11278,"AAL1275"
2017-07-15 08:23:49,-98.25679,42.49178,11278,"AAL1275"
2017-07-15 08:24:49,-98.07303,42.50033,11278,"AAL1275"
2017-07-15 08:25:49,-97.88943,42.5088,11278,"AAL1275"
2017-07-15 08:26:19,-97.79652,42.51276,11278,"AAL1275"
2017-07-15 08:26:49,-97.71053,42.51627,11278,"AAL1275"
2017-07-15 08:27:23,-97.64042,42.51909,11278,"AAL1275"
2017-07-15 08:27:53,-97.51229,42.52445,11278,"AAL1275"
2017-07-15 08:28:23,-97.42356,42.52822,11278,"AAL1275"
2017-07-15 08:29:23,-97.23852,42.53571,11278,"AAL1275"
2017-07-15 08:30:23,-97.05424,42.54246,11278,"AAL1275"
2017-07-15 08:31:23,-96.86889,42.54941,11278,"AAL1275"
2017-07-15 08:32:24,-96.68293,42.55568,11278,"AAL1275"
2017-07-15 08:33:24,-96.49541,42.56173,11278,"AAL1275"
2017-07-15 08:34:24,-96.30965,42.56763,11278,"AAL1275"
2017-07-15 08:34:54,-96.21635,42.57035,11278,"AAL1275"
2017-07-15 08:35:24,-96.12488,42.57298,11278,"AAL1275"
2017-07-15 08:35:57,-96.01929,42.57598,11278,"AAL1275"
2017-07-15 08:36:27,-95.92272,42.57868,11278,"AAL1275"
2017-07-15 08:36:58,-95.82856,42.58122,11278,"AAL1275"
2017-07-15 08:37:58,-95.64435,42.58589,11278,"AAL1275"
2017-07-15 08:39:00,-95.4588,42.59027,11278,"AAL1275"
2017-07-15 08:39:34,-95.34947,42.5928,11278,"AAL1275"
2017-07-15 08:40:04,-95.24585,42.595,11278,"AAL1275"
2017-07-15 08:41:04,-95.06083,42.59875,11278,"AAL1275"
2017-07-15 08:42:04,-94.87269,42.60214,11278,"AAL1275"
2017-07-15 08:43:04,-94.68522,42.60545,11278,"AAL1275"
2017-07-15 08:44:05,-94.49609,42.60829,11278,"AAL1275"
2017-07-15 08:45:05,-94.30496,42.61089,11278,"AAL1275"
2017-07-15 08:45:40,-94.19865,42.60823,11278,"AAL1275"
2017-07-15 08:46:11,-94.10745,42.60544,11278,"AAL1275"
2017-07-15 08:46:41,-94.00637,42.60233,11278,"AAL1275"
2017-07-15 08:47:11,-93.91569,42.59944,11278,"AAL1275"
2017-07-15 08:47:41,-93.81998,42.59628,11278,"AAL1275"
2017-07-15 08:48:11,-93.72833,42.59325,11278,"AAL1275"
2017-07-15 08:48:56,-93.59515,42.5905,11278,"AAL1275"
2017-07-15 08:49:26,-93.4955,42.58869,11278,"AAL1275"
2017-07-15 08:49:56,-93.40078,42.58669,11278,"AAL1275"
2017-07-15 08:50:26,-93.32355,42.58493,11278,"AAL1275"
2017-07-15 08:50:56,-93.2266,42.5825,11278,"AAL1275"
2017-07-15 08:51:26,-93.14049,42.58026,11278,"AAL1275"
2017-07-15 08:52:06,-93.01631,42.5771,11278,"AAL1275"
2017-07-15 08:53:06,-92.82029,42.5717,11278,"AAL1275"
2017-07-15 08:54:07,-92.63372,42.56625,11278,"AAL1275"
2017-07-15 08:55:09,-92.45123,42.56113,11034,"AAL1275"
2017-07-15 08:56:09,-92.27187,42.55503,10759,"AAL1275"
2017-07-15 08:57:10,-92.08025,42.54861,10668,"AAL1275"
2017-07-15 08:58:10,-91.9002,42.54254,10668,"AAL1275"
2017-07-15 08:59:12,-91.70946,42.53557,10668,"AAL1275"
2017-07-15 09:00:13,-91.52991,42.5285,10363,"AAL1275"
2017-07-15 09:01:13,-91.34951,42.52126,10058,"AAL1275"
2017-07-15 09:02:14,-91.16768,42.51369,10058,"AAL1275"
2017-07-15 09:03:15,-90.99283,42.50624,10058,"AAL1275"
2017-07-15 09:04:15,-90.81561,42.49824,10058,"AAL1275"
2017-07-15 09:05:15,-90.63871,42.4899,10058,"AAL1275"
2017-07-15 09:06:19,-90.45443,42.48088,10058,"AAL1275"
2017-07-15 09:07:19,-90.27696,42.47207,10058,"AAL1275"
2017-07-15 09:08:22,-90.08751,42.46272,9388,"AAL1275"
2017-07-15 09:09:22,-89.90743,42.45232,8321,"AAL1275"
2017-07-15 09:10:22,-89.72553,42.44358,7955,"AAL1275"
2017-07-15 09:11:24,-89.54688,42.43369,7193,"AAL1275"
2017-07-15 09:12:24,-89.39943,42.42476,6553,"AAL1275"
2017-07-15 09:13:24,-89.23539,42.41519,5852,"AAL1275"
2017-07-15 09:14:25,-89.05435,42.40411,4999,"AAL1275"
2017-07-15 09:15:25,-88.9013,42.3948,4298,"AAL1275"
2017-07-15 09:16:25,-88.76753,42.38626,3658,"AAL1275"
2017-07-15 09:17:35,-88.59273,42.37008,3292,"AAL1275"
2017-07-15 09:18:16,-88.49968,42.35696,3292,"AAL1275"
2017-07-15 09:18:31,-88.46872,42.34666,3292,"AAL1275"
2017-07-15 09:18:50,-88.43164,42.32643,3292,"AAL1275"
2017-07-15 09:19:20,-88.37779,42.29187,3292,"AAL1275"
2017-07-15 09:19:50,-88.32384,42.2574,3292,"AAL1275"
2017-07-15 09:20:20,-88.26947,42.22261,3292,"AAL1275"
2017-07-15 09:20:50,-88.21536,42.18792,3292,"AAL1275"
2017-07-15 09:21:08,-88.18232,42.16695,3292,"AAL1275"
2017-07-15 09:21:48,-88.10785,42.13367,3292,"AAL1275"
2017-07-15 09:22:17,-88.05812,42.11232,3292,"AAL1275"
2017-07-15 09:22:34,-88.02948,42.1006,3139,"AAL1275"
2017-07-15 09:22:50,-88.00386,42.08859,3018,"AAL1275"
2017-07-15 09:23:08,-87.97473,42.07536,2896,"AAL1275"
2017-07-15 09:23:22,-87.95227,42.06526,2804,"AAL1275"
2017-07-15 09:23:39,-87.925,42.05352,2621,"AAL1275"
2017-07-15 09:23:56,-87.89451,42.04894,2469,"AAL1275"
2017-07-15 09:24:11,-87.86745,42.04913,2316,"AAL1275"
2017-07-15 09:24:28,-87.83702,42.04872,2164,"AAL1275"
2017-07-15 09:24:44,-87.80849,42.04884,2012,"AAL1275"
2017-07-15 09:25:01,-87.77844,42.04915,1859,"AAL1275"
2017-07-15 09:25:15,-87.75412,42.04945,1768,"AAL1275"
2017-07-15 09:25:32,-87.72559,42.04954,1737,"AAL1275"
2017-07-15 09:25:48,-87.70074,42.04957,1707,"AAL1275"
2017-07-15 09:26:06,-87.67296,42.04972,1646,"AAL1275"
2017-07-15 09:26:21,-87.64971,42.04977,1615,"AAL1275"
2017-07-15 09:27:29,-87.65365,41.98137,1158,"AAL1275"
2017-07-15 09:27:50,-87.67695,41.97258,1128,"AAL1275"
2017-07-15 09:28:09,-87.69809,41.96759,1128,"AAL1275"
2017-07-15 09:28:26,-87.71906,41.96847,945,"AAL1275"
2017-07-15 09:28:41,-87.73804,41.96948,853,"AAL1275"
2017-07-15 09:28:57,-87.75676,41.96938,762,"AAL1275"
2017-07-15 09:29:13,-87.77434,41.96914,671,"AAL1275"
2017-07-15 09:29:30,-87.79124,41.96911,610,"AAL1275"
2017-07-15 09:29:45,-87.80581,41.96917,518,"AAL1275"
2017-07-15 09:30:01,-87.82194,41.96922,457,"AAL1275"
2017-07-15 09:30:17,-87.83702,41.96907,396,"AAL1275"
2017-07-15 09:30:33,-87.85215,41.96914,335,"AAL1275"
2017-07-15 05:46:27,-117.22701,32.74584,335,"UAL240"
2017-07-15 05:47:27,-117.28708,32.77533,1036,"UAL240"
2017-07-15 05:48:28,-117.34417,32.7441,1615,"UAL240"
2017-07-15 05:49:29,-117.29535,32.67975,2286,"UAL240"
2017-07-15 05:50:29,-117.2275,32.62868,2926,"UAL240"
2017-07-15 05:51:30,-117.12576,32.6213,3322,"UAL240"
2017-07-15 05:52:31,-117.00644,32.61161,3566,"UAL240"
2017-07-15 05:54:01,-116.81589,32.62185,4542,"UAL240"
2017-07-15 05:54:17,-116.78579,32.63619,4663,"UAL240"
2017-07-15 05:54:33,-116.76197,32.65719,4816,"UAL240"
2017-07-15 05:55:13,-116.72665,32.72199,5029,"UAL240"
2017-07-15 05:56:14,-116.67015,32.83921,5608,"UAL240"
2017-07-15 05:57:16,-116.61404,32.95442,6126,"UAL240"
2017-07-15 05:58:16,-116.55822,33.06633,6523,"UAL240"
2017-07-15 05:59:16,-116.50172,33.17336,6858,"UAL240"
2017-07-15 06:00:17,-116.44338,33.28445,7224,"UAL240"
2017-07-15 06:01:00,-116.39581,33.37166,7437,"UAL240"
2017-07-15 06:01:15,-116.36268,33.40897,7498,"UAL240"
2017-07-15 06:02:19,-116.24482,33.49941,7803,"UAL240"
2017-07-15 06:03:19,-116.11501,33.59427,8108,"UAL240"
2017-07-15 06:04:19,-115.99279,33.68362,8382,"UAL240"
2017-07-15 06:05:22,-115.86273,33.7783,8626,"UAL240"
2017-07-15 06:06:22,-115.73839,33.86852,8839,"UAL240"
2017-07-15 06:06:55,-115.66743,33.91983,8839,"UAL240"
2017-07-15 06:07:31,-115.59714,33.96986,8839,"UAL240"
2017-07-15 06:08:32,-115.4611,34.06669,8839,"UAL240"
2017-07-15 06:09:32,-115.33599,34.15691,8839,"UAL240"
2017-07-15 06:10:37,-115.19595,34.25732,8839,"UAL240"
2017-07-15 06:11:39,-115.06419,34.35095,8839,"UAL240"
2017-07-15 06:12:40,-114.93039,34.44585,8839,"UAL240"
2017-07-15 06:13:48,-114.78281,34.54977,8839,"UAL240"
2017-07-15 06:14:49,-114.65321,34.64087,8839,"UAL240"
2017-07-15 06:15:49,-114.5244,34.73081,8839,"UAL240"
2017-07-15 06:16:56,-114.36403,34.81453,8839,"UAL240"
2017-07-15 06:16:56,-114.37195,34.81111,8839,"UAL240"
2017-07-15 06:17:57,-114.21341,34.8814,8839,"UAL240"
2017-07-15 06:17:57,-114.22444,34.87639,8839,"UAL240"
2017-07-15 06:19:01,-114.05291,34.95184,8839,"UAL240"
2017-07-15 06:20:03,-113.89835,35.01933,8839,"UAL240"
2017-07-15 06:20:33,-113.82202,35.05249,8839,"UAL240"
2017-07-15 06:21:03,-113.74644,35.0853,8839,"UAL240"
2017-07-15 06:21:34,-113.66999,35.11835,8839,"UAL240"
2017-07-15 06:22:04,-113.59245,35.15197,8839,"UAL240"
2017-07-15 06:22:35,-113.51503,35.18548,8839,"UAL240"
2017-07-15 06:23:10,-113.42526,35.22409,8839,"UAL240"
2017-07-15 06:23:40,-113.34972,35.25641,8839,"UAL240"
2017-07-15 06:24:13,-113.27319,35.2892,8839,"UAL240"
2017-07-15 06:24:43,-113.19261,35.32374,8839,"UAL240"
2017-07-15 06:25:13,-113.11626,35.35625,8839,"UAL240"
2017-07-15 06:25:43,-113.03675,35.39004,8839,"UAL240"
2017-07-15 06:26:13,-112.96137,35.42197,8839,"UAL240"
2017-07-15 06:26:43,-112.88458,35.45442,8839,"UAL240"
2017-07-15 06:27:45,-112.72645,35.52141,8931,"UAL240"
2017-07-15 06:28:46,-112.59098,35.5784,9114,"UAL240"
2017-07-15 06:29:47,-112.42292,35.64857,9449,"UAL240"
2017-07-15 06:30:47,-112.26543,35.71409,9449,"UAL240"
2017-07-15 06:31:47,-112.11359,35.77707,9784,"UAL240"
2017-07-15 06:32:50,-111.95583,35.84203,10058,"UAL240"
2017-07-15 06:33:58,-111.78847,35.91083,10058,"UAL240"
2017-07-15 06:34:29,-111.71763,35.93982,10058,"UAL240"
2017-07-15 06:35:05,-111.62028,35.97943,10058,"UAL240"
2017-07-15 06:35:35,-111.54425,36.0103,10058,"UAL240"
2017-07-15 06:36:05,-111.47138,36.03976,10058,"UAL240"
2017-07-15 06:37:06,-111.318,36.10172,10058,"UAL240"
2017-07-15 06:38:07,-111.18567,36.17062,10058,"UAL240"
2017-07-15 06:38:37,-111.12005,36.20884,10058,"UAL240"
2017-07-15 06:39:10,-111.03473,36.25837,10058,"UAL240"
2017-07-15 06:39:40,-110.96665,36.2979,10058,"UAL240"
2017-07-15 06:40:10,-110.90086,36.33632,10058,"UAL240"
2017-07-15 06:40:40,-110.83417,36.37513,10058,"UAL240"
2017-07-15 06:41:10,-110.76702,36.41386,10058,"UAL240"
2017-07-15 06:41:40,-110.699,36.45324,10058,"UAL240"
2017-07-15 06:42:11,-110.63198,36.49187,10058,"UAL240"
2017-07-15 06:42:41,-110.56477,36.53047,10058,"UAL240"
2017-07-15 06:43:11,-110.49757,36.56906,10058,"UAL240"
2017-07-15 06:43:41,-110.43068,36.60732,10058,"UAL240"
2017-07-15 06:44:11,-110.36298,36.64597,10058,"UAL240"
2017-07-15 06:44:41,-110.29575,36.68436,10058,"UAL240"
2017-07-15 06:45:11,-110.22665,36.72366,10058,"UAL240"
2017-07-15 06:46:11,-110.08987,36.80145,10058,"UAL240"
2017-07-15 06:46:41,-110.02977,36.83548,10058,"UAL240"
2017-07-15 06:47:12,-109.9569,36.87654,10058,"UAL240"
2017-07-15 06:47:42,-109.88591,36.91648,10058,"UAL240"
2017-07-15 06:48:12,-109.81689,36.95526,10058,"UAL240"
2017-07-15 06:48:42,-109.74828,36.99376,10058,"UAL240"
2017-07-15 06:49:12,-109.68919,37.02695,10058,"UAL240"
2017-07-15 06:49:42,-109.61066,37.0708,10058,"UAL240"
2017-07-15 06:50:42,-109.47327,37.1472,10058,"UAL240"
2017-07-15 06:51:12,-109.40595,37.18465,10058,"UAL240"
2017-07-15 06:51:42,-109.33722,37.22278,10058,"UAL240"
2017-07-15 06:52:12,-109.27037,37.25981,10058,"UAL240"
2017-07-15 06:52:42,-109.19966,37.2989,10058,"UAL240"
2017-07-15 06:53:13,-109.13024,37.33722,10058,"UAL240"
2017-07-15 06:54:13,-108.99384,37.41193,10058,"UAL240"
2017-07-15 06:55:21,-108.83968,37.49638,10058,"UAL240"
2017-07-15 06:56:00,-108.74683,37.54697,10058,"UAL240"
2017-07-15 06:56:30,-108.67777,37.5846,10058,"UAL240"
2017-07-15 06:57:00,-108.60911,37.62189,10058,"UAL240"
2017-07-15 06:57:33,-108.5503,37.65367,10058,"UAL240"
2017-07-15 06:58:03,-108.52979,37.66475,10058,"UAL240"
2017-07-15 06:58:33,-108.39363,37.73822,10058,"UAL240"
2017-07-15 06:59:33,-108.25221,37.81389,10058,"UAL240"
2017-07-15 07:00:03,-108.1888,37.84785,10058,"UAL240"
2017-07-15 07:00:33,-108.11014,37.88997,10058,"UAL240"
2017-07-15 07:01:04,-108.06059,37.91638,10058,"UAL240"
2017-07-15 07:02:07,-107.89255,38.0059,10058,"UAL240"
2017-07-15 07:02:38,-107.81391,38.04752,10058,"UAL240"
2017-07-15 07:03:08,-107.74175,38.08553,10058,"UAL240"
2017-07-15 07:03:38,-107.66858,38.12419,10058,"UAL240"
2017-07-15 07:04:38,-107.52367,38.20039,10058,"UAL240"
2017-07-15 07:05:08,-107.45243,38.23769,10058,"UAL240"
2017-07-15 07:06:10,-107.30436,38.31487,10058,"UAL240"
2017-07-15 07:06:40,-107.23068,38.35318,10058,"UAL240"
2017-07-15 07:07:10,-107.15838,38.39079,10058,"UAL240"
2017-07-15 07:07:46,-107.06989,38.43649,10058,"UAL240"
2017-07-15 07:08:16,-106.9964,38.47459,10058,"UAL240"
2017-07-15 07:08:47,-106.92545,38.51221,10058,"UAL240"
2017-07-15 07:09:17,-106.85419,38.55019,10058,"UAL240"
2017-07-15 07:09:51,-106.77122,38.59433,10058,"UAL240"
2017-07-15 07:10:21,-106.69958,38.63214,10058,"UAL240"
2017-07-15 07:10:51,-106.6299,38.66867,10058,"UAL240"
2017-07-15 07:11:51,-106.4848,38.7444,10058,"UAL240"
2017-07-15 07:12:52,-106.33595,38.82207,10058,"UAL240"
2017-07-15 07:13:53,-106.18909,38.89803,10058,"UAL240"
2017-07-15 07:14:54,-106.03949,38.97563,10058,"UAL240"
2017-07-15 07:15:54,-105.89398,39.05034,10058,"UAL240"
2017-07-15 07:16:55,-105.74292,39.12739,10241,"UAL240"
2017-07-15 07:17:55,-105.59868,39.20087,10516,"UAL240"
2017-07-15 07:18:56,-105.44875,39.27699,10668,"UAL240"
2017-07-15 07:19:56,-105.29901,39.35242,10668,"UAL240"
2017-07-15 07:20:56,-105.14955,39.42769,10668,"UAL240"
2017-07-15 07:21:56,-105.01091,39.49699,10668,"UAL240"
2017-07-15 07:22:28,-104.92041,39.54198,10668,"UAL240"
2017-07-15 07:22:58,-104.84581,39.57893,10668,"UAL240"
2017-07-15 07:23:28,-104.77345,39.61469,10668,"UAL240"
2017-07-15 07:23:58,-104.69891,39.65157,10668,"UAL240"
2017-07-15 07:24:17,-104.65552,39.67191,10668,"UAL240"
2017-07-15 07:24:58,-104.56201,39.70291,10668,"UAL240"
2017-07-15 07:25:28,-104.4519,39.72782,10668,"UAL240"
2017-07-15 07:25:58,-104.3678,39.74677,10668,"UAL240"
2017-07-15 07:26:28,-104.28564,39.76515,10668,"UAL240"
2017-07-15 07:26:58,-104.20062,39.78396,10668,"UAL240"
2017-07-15 07:27:28,-104.11377,39.80309,10668,"UAL240"
2017-07-15 07:27:58,-104.02966,39.82144,10668,"UAL240"
2017-07-15 07:28:28,-103.94302,39.84032,10668,"UAL240"
2017-07-15 07:29:29,-103.767,39.87859,10668,"UAL240"
2017-07-15 07:30:29,-103.59594,39.91544,10668,"UAL240"
2017-07-15 07:31:29,-103.44391,39.94803,10668,"UAL240"
2017-07-15 07:31:59,-103.33653,39.97087,10668,"UAL240"
2017-07-15 07:32:29,-103.24713,39.98978,10668,"UAL240"
2017-07-15 07:33:00,-103.17442,40.00518,10668,"UAL240"
2017-07-15 07:33:30,-103.08122,40.02468,10668,"UAL240"
2017-07-15 07:34:02,-102.98035,40.04562,10668,"UAL240"
2017-07-15 07:34:34,-102.96954,40.04787,10668,"UAL240"
2017-07-15 07:35:04,-102.79877,40.08353,10668,"UAL240"
2017-07-15 07:35:34,-102.71008,40.10184,10668,"UAL240"
2017-07-15 07:36:04,-102.62267,40.11988,10668,"UAL240"
2017-07-15 07:36:34,-102.5349,40.13776,10668,"UAL240"
2017-07-15 07:37:04,-102.4492,40.15522,10668,"UAL240"
2017-07-15 07:38:05,-102.2706,40.19129,10668,"UAL240"
2017-07-15 07:39:05,-102.09607,40.22635,10668,"UAL240"
2017-07-15 07:39:35,-102.00989,40.24356,10668,"UAL240"
2017-07-15 07:40:05,-101.91907,40.26173,10668,"UAL240"
2017-07-15 07:40:36,-101.83384,40.27863,10668,"UAL240"
2017-07-15 07:41:06,-101.74208,40.29664,10668,"UAL240"
2017-07-15 07:41:36,-101.65521,40.31364,10668,"UAL240"
2017-07-15 07:42:06,-101.5643,40.33137,10668,"UAL240"
2017-07-15 07:42:36,-101.47478,40.34869,10668,"UAL240"
2017-07-15 07:43:06,-101.38608,40.36572,10668,"UAL240"
2017-07-15 07:43:36,-101.29889,40.38245,10668,"UAL240"
2017-07-15 07:44:06,-101.20636,40.40016,10668,"UAL240"
2017-07-15 07:44:36,-101.11951,40.41673,10668,"UAL240"
2017-07-15 07:45:06,-101.03009,40.43378,10668,"UAL240"
2017-07-15 07:45:38,-100.93573,40.45345,10668,"UAL240"
2017-07-15 07:46:01,-100.87646,40.47189,10668,"UAL240"
2017-07-15 07:46:35,-100.79288,40.5031,10668,"UAL240"
2017-07-15 07:47:14,-100.67285,40.54765,10668,"UAL240"
2017-07-15 07:47:44,-100.59856,40.57521,10668,"UAL240"
2017-07-15 07:48:14,-100.51093,40.60762,10668,"UAL240"
2017-07-15 07:48:44,-100.43064,40.63722,10668,"UAL240"
2017-07-15 07:49:15,-100.34881,40.66738,10668,"UAL240"
2017-07-15 07:50:27,-100.15112,40.73987,10668,"UAL240"
2017-07-15 07:51:28,-99.9905,40.79838,10668,"UAL240"
2017-07-15 07:51:58,-99.91017,40.82743,10668,"UAL240"
2017-07-15 07:52:28,-99.82877,40.8569,10668,"UAL240"
2017-07-15 07:52:58,-99.74817,40.88599,10668,"UAL240"
2017-07-15 07:53:28,-99.66718,40.91505,10668,"UAL240"
2017-07-15 07:53:58,-99.58532,40.94437,10668,"UAL240"
2017-07-15 07:54:29,-99.50293,40.97388,10668,"UAL240"
2017-07-15 07:54:59,-99.42249,41.00249,10668,"UAL240"
2017-07-15 07:55:29,-99.34174,41.03114,10668,"UAL240"
2017-07-15 07:56:00,-99.25804,41.0607,10668,"UAL240"
2017-07-15 07:56:30,-99.17671,41.08947,10668,"UAL240"
2017-07-15 07:57:00,-99.09381,41.11867,10668,"UAL240"
2017-07-15 07:58:03,-98.92876,41.17657,10668,"UAL240"
2017-07-15 07:59:03,-98.76085,41.23523,10668,"UAL240"
2017-07-15 08:00:03,-98.59473,41.29271,10668,"UAL240"
2017-07-15 08:01:04,-98.42877,41.34979,10668,"UAL240"
2017-07-15 08:01:05,-98.42639,41.35056,10668,"UAL240"
2017-07-15 08:02:06,-98.26111,41.40667,10668,"UAL240"
2017-07-15 08:02:09,-98.24998,41.41017,10668,"UAL240"
2017-07-15 08:03:10,-98.08479,41.46338,10668,"UAL240"
2017-07-15 08:04:14,-97.90385,41.52187,10668,"UAL240"
2017-07-15 08:04:48,-97.81234,41.55139,10668,"UAL240"
2017-07-15 08:05:49,-97.64757,41.60448,10668,"UAL240"
2017-07-15 08:06:19,-97.56428,41.6312,10668,"UAL240"
2017-07-15 08:06:49,-97.48512,41.6564,10668,"UAL240"
2017-07-15 08:07:51,-97.31259,41.71111,10668,"UAL240"
2017-07-15 08:08:52,-97.1459,41.7635,10668,"UAL240"
2017-07-15 08:09:22,-97.06496,41.78879,10668,"UAL240"
2017-07-15 08:09:52,-96.9783,41.81583,10668,"UAL240"
2017-07-15 08:10:22,-96.89448,41.8418,10668,"UAL240"
2017-07-15 08:10:52,-96.81082,41.86778,10668,"UAL240"
2017-07-15 08:11:23,-96.72994,41.89297,10668,"UAL240"
2017-07-15 08:11:53,-96.64277,41.91745,10668,"UAL240"
2017-07-15 08:13:08,-96.42706,41.95148,10668,"UAL240"
2017-07-15 08:14:08,-96.24822,41.97826,10668,"UAL240"
2017-07-15 08:15:08,-96.06324,42.00576,10668,"UAL240"
2017-07-15 08:16:08,-95.88899,42.03155,10668,"UAL240"
2017-07-15 08:17:09,-95.72793,42.05516,10668,"UAL240"
2017-07-15 08:17:39,-95.63171,42.06898,10668,"UAL240"
2017-07-15 08:18:10,-95.52693,42.08409,10668,"UAL240"
2017-07-15 08:18:40,-95.44034,42.09649,10668,"UAL240"
2017-07-15 08:19:10,-95.36819,42.10675,10668,"UAL240"
2017-07-15 08:19:40,-95.274,42.12003,10668,"UAL240"
2017-07-15 08:20:10,-95.17411,42.13392,10759,"UAL240"
2017-07-15 08:20:43,-95.07831,42.14713,10851,"UAL240"
2017-07-15 08:21:13,-95.00421,42.15729,10912,"UAL240"
2017-07-15 08:21:43,-94.89626,42.17223,11003,"UAL240"
2017-07-15 08:22:13,-94.80818,42.1841,11064,"UAL240"
2017-07-15 08:22:43,-94.7123,42.19709,11156,"UAL240"
2017-07-15 08:23:13,-94.62697,42.20882,11186,"UAL240"
2017-07-15 08:23:43,-94.52968,42.22192,11278,"UAL240"
2017-07-15 08:24:14,-94.4349,42.23438,11278,"UAL240"
2017-07-15 08:24:44,-94.33904,42.24706,11278,"UAL240"
2017-07-15 08:25:18,-94.23442,42.26097,11278,"UAL240"
2017-07-15 08:25:48,-94.13948,42.27353,11278,"UAL240"
2017-07-15 08:26:49,-93.95112,42.29788,11278,"UAL240"
2017-07-15 08:27:21,-93.85141,42.31054,11278,"UAL240"
2017-07-15 08:27:54,-93.75427,42.32286,11278,"UAL240"
2017-07-15 08:28:24,-93.65762,42.33488,11278,"UAL240"
2017-07-15 08:28:55,-93.56334,42.34634,11278,"UAL240"
2017-07-15 08:29:26,-93.46491,42.35053,11278,"UAL240"
2017-07-15 08:29:56,-93.37511,42.35275,11278,"UAL240"
2017-07-15 08:30:32,-93.25579,42.35583,11278,"UAL240"
2017-07-15 08:31:02,-93.16215,42.35835,11278,"UAL240"
2017-07-15 08:31:32,-93.10576,42.35976,11278,"UAL240"
2017-07-15 08:32:02,-92.97238,42.36286,11278,"UAL240"
2017-07-15 08:32:32,-92.8857,42.36472,11278,"UAL240"
2017-07-15 08:33:02,-92.78447,42.36694,11278,"UAL240"
2017-07-15 08:33:32,-92.69227,42.36887,11278,"UAL240"
2017-07-15 08:34:02,-92.5977,42.37074,11278,"UAL240"
2017-07-15 08:35:06,-92.40965,42.37417,11278,"UAL240"
2017-07-15 08:36:08,-92.20894,42.3777,11278,"UAL240"
2017-07-15 08:37:08,-92.02474,42.38037,11278,"UAL240"
2017-07-15 08:38:08,-91.84851,42.38287,11278,"UAL240"
2017-07-15 08:39:09,-91.66274,42.38512,11278,"UAL240"
2017-07-15 08:40:10,-91.48143,42.3874,11278,"UAL240"
2017-07-15 08:41:11,-91.29722,42.38893,11278,"UAL240"
2017-07-15 08:42:11,-91.12086,42.39,11278,"UAL240"
2017-07-15 08:43:12,-90.94527,42.39075,11003,"UAL240"
2017-07-15 08:44:12,-90.77473,42.39182,10698,"UAL240"
2017-07-15 08:45:12,-90.60574,42.39258,10424,"UAL240"
2017-07-15 08:46:12,-90.43165,42.3924,10119,"UAL240"
2017-07-15 08:47:12,-90.26692,42.3923,9845,"UAL240"
2017-07-15 08:48:14,-90.0696,42.39221,9449,"UAL240"
2017-07-15 08:49:14,-89.89397,42.39159,8626,"UAL240"
2017-07-15 08:50:14,-89.72128,42.39061,7955,"UAL240"
2017-07-15 08:51:17,-89.54357,42.3896,7224,"UAL240"
2017-07-15 08:52:17,-89.37865,42.38823,6492,"UAL240"
2017-07-15 08:52:47,-89.3,42.38763,6157,"UAL240"
2017-07-15 08:53:17,-89.22035,42.38686,5791,"UAL240"
2017-07-15 08:53:47,-89.16198,42.38622,5517,"UAL240"
2017-07-15 08:54:17,-89.06535,42.38516,5090,"UAL240"
2017-07-15 08:54:47,-88.99506,42.38438,4785,"UAL240"
2017-07-15 08:55:18,-88.91441,42.38347,4420,"UAL240"
2017-07-15 08:55:48,-88.84254,42.38241,4084,"UAL240"
2017-07-15 08:56:18,-88.77271,42.38145,3749,"UAL240"
2017-07-15 08:56:43,-88.71229,42.37894,3475,"UAL240"
2017-07-15 08:56:59,-88.67708,42.36703,3292,"UAL240"
2017-07-15 08:57:18,-88.64319,42.34787,3292,"UAL240"
2017-07-15 08:57:51,-88.57808,42.31627,3292,"UAL240"
2017-07-15 08:58:23,-88.51819,42.2874,3292,"UAL240"
2017-07-15 08:58:54,-88.46248,42.25964,3292,"UAL240"
2017-07-15 08:59:24,-88.40781,42.232,3292,"UAL240"
2017-07-15 08:59:54,-88.35409,42.20458,3292,"UAL240"
2017-07-15 09:00:25,-88.29182,42.17293,3292,"UAL240"
2017-07-15 09:00:55,-88.23503,42.14407,3292,"UAL240"
2017-07-15 09:01:25,-88.1787,42.11674,3292,"UAL240"
2017-07-15 09:01:55,-88.12964,42.09509,3231,"UAL240"
2017-07-15 09:02:17,-88.08927,42.07692,3078,"UAL240"
2017-07-15 09:02:34,-88.06199,42.06498,2957,"UAL240"
2017-07-15 09:02:48,-88.03962,42.05466,2835,"UAL240"
2017-07-15 09:03:06,-88.01021,42.04279,2652,"UAL240"
2017-07-15 09:03:21,-87.98268,42.04194,2499,"UAL240"
2017-07-15 09:03:37,-87.9537,42.04096,2347,"UAL240"
2017-07-15 09:03:53,-87.92377,42.04096,2195,"UAL240"
2017-07-15 09:04:09,-87.89524,42.04058,2134,"UAL240"
2017-07-15 09:04:26,-87.86519,42.04106,2073,"UAL240"
2017-07-15 09:04:43,-87.83723,42.04143,2042,"UAL240"
2017-07-15 09:04:58,-87.81226,42.04143,1920,"UAL240"
2017-07-15 09:05:16,-87.78317,42.04146,1798,"UAL240"
2017-07-15 09:05:32,-87.75754,42.04161,1707,"UAL240"
2017-07-15 09:05:49,-87.73059,42.04189,1554,"UAL240"
2017-07-15 09:06:05,-87.70583,42.04221,1463,"UAL240"
2017-07-15 09:06:17,-87.68722,42.04266,1433,"UAL240"
2017-07-15 09:06:33,-87.66245,42.04309,1372,"UAL240"
2017-07-15 09:07:38,-87.64487,41.98196,1158,"UAL240"
2017-07-15 09:07:53,-87.66125,41.97364,1067,"UAL240"
2017-07-15 09:08:24,-87.70072,41.96852,914,"UAL240"
2017-07-15 09:08:40,-87.72087,41.96953,853,"UAL240"
2017-07-15 09:08:57,-87.74264,41.96941,762,"UAL240"
2017-07-15 09:09:13,-87.76223,41.96936,701,"UAL240"
2017-07-15 09:09:30,-87.78239,41.9692,640,"UAL240"
2017-07-15 09:09:46,-87.80062,41.96924,549,"UAL240"
2017-07-15 09:10:03,-87.81933,41.96916,488,"UAL240"
2017-07-15 09:10:21,-87.83653,41.96909,396,"UAL240"
2017-07-15 09:10:36,-87.85043,41.9691,335,"UAL240"
2017-07-15 13:31:09,-117.20501,32.73729,152,"UAL307"
2017-07-15 13:31:24,-117.21748,32.74033,396,"UAL307"
2017-07-15 13:31:41,-117.23315,32.74392,488,"UAL307"
2017-07-15 13:31:57,-117.24809,32.74562,579,"UAL307"
2017-07-15 13:32:13,-117.2668,32.75104,701,"UAL307"
2017-07-15 13:32:28,-117.28319,32.7546,792,"UAL307"
2017-07-15 13:32:45,-117.30548,32.74977,914,"UAL307"
2017-07-15 13:33:01,-117.32116,32.73676,1067,"UAL307"
2017-07-15 13:33:17,-117.32446,32.71791,1158,"UAL307"
2017-07-15 13:33:33,-117.31355,32.6989,1280,"UAL307"
2017-07-15 13:33:49,-117.295,32.68445,1524,"UAL307"
2017-07-15 13:34:07,-117.27782,32.66705,1798,"UAL307"
2017-07-15 13:34:23,-117.26176,32.65107,1981,"UAL307"
2017-07-15 13:34:39,-117.24666,32.63553,2256,"UAL307"
2017-07-15 13:34:55,-117.22352,32.62815,2438,"UAL307"
2017-07-15 13:35:11,-117.19867,32.62627,2560,"UAL307"
2017-07-15 13:35:27,-117.17351,32.62442,2743,"UAL307"
2017-07-15 13:35:43,-117.14789,32.62359,2957,"UAL307"
2017-07-15 13:35:58,-117.12541,32.6224,3139,"UAL307"
2017-07-15 13:36:15,-117.09636,32.62051,3322,"UAL307"
2017-07-15 13:36:31,-117.07066,32.61854,3505,"UAL307"
2017-07-15 13:36:48,-117.04352,32.61618,3749,"UAL307"
2017-07-15 13:37:04,-117.01792,32.61415,3993,"UAL307"
2017-07-15 13:38:54,-116.86528,32.67361,4481,"UAL307"
2017-07-15 13:39:56,-116.79361,32.76333,5029,"UAL307"
2017-07-15 13:40:57,-116.71833,32.85361,5608,"UAL307"
2017-07-15 13:41:58,-116.64083,32.94722,6066,"UAL307"
2017-07-15 13:42:00,-116.62594,32.9617,6157,"UAL307"
2017-07-15 13:43:00,-116.57027,33.04333,6523,"UAL307"
2017-07-15 13:43:01,-116.55833,33.0588,6614,"UAL307"
2017-07-15 13:44:01,-116.49667,33.13917,6858,"UAL307"
2017-07-15 13:44:05,-116.48126,33.15839,6949,"UAL307"
2017-07-15 13:45:02,-116.38722,33.21278,7041,"UAL307"
2017-07-15 13:46:04,-116.27306,33.28861,7315,"UAL307"
2017-07-15 13:46:08,-116.26382,33.30606,7346,"UAL307"
2017-07-15 13:47:05,-116.15667,33.36694,7559,"UAL307"
2017-07-15 13:47:10,-116.12712,33.3888,7650,"UAL307"
2017-07-15 13:48:07,-116.03639,33.44556,7803,"UAL307"
2017-07-15 13:49:08,-115.8875,33.54306,7986,"UAL307"
2017-07-15 13:50:09,-115.7625,33.62722,8230,"UAL307"
2017-07-15 13:51:11,-115.63445,33.71083,8382,"UAL307"
2017-07-15 13:52:12,-115.515,33.80416,8626,"UAL307"
2017-07-15 13:53:14,-115.40611,33.90639,8900,"UAL307"
2017-07-15 13:54:15,-115.29778,34.00722,9205,"UAL307"
2017-07-15 13:55:17,-115.19055,34.10667,9510,"UAL307"
2017-07-15 13:56:18,-115.08444,34.20611,9723,"UAL307"
2017-07-15 13:57:20,-114.97694,34.30528,9997,"UAL307"
2017-07-15 13:58:22,-114.85,34.42417,10028,"UAL307"
2017-07-15 13:59:23,-114.74167,34.52139,10058,"UAL307"
2017-07-15 14:00:25,-114.63445,34.62028,10058,"UAL307"
2017-07-15 14:01:26,-114.52722,34.71444,10058,"UAL307"
2017-07-15 14:02:24,-114.40928,34.79398,10058,"UAL307"
2017-07-15 14:03:30,-114.23278,34.87278,10333,"UAL307"
2017-07-15 14:04:31,-114.09111,34.935,10546,"UAL307"
2017-07-15 14:05:33,-113.95084,34.99639,10668,"UAL307"
2017-07-15 14:06:33,-113.79861,35.06218,10668,"UAL307"
2017-07-15 14:07:34,-113.65277,35.12603,10668,"UAL307"
2017-07-15 14:08:36,-113.50704,35.18975,10668,"UAL307"
2017-07-15 14:09:40,-113.36806,35.24861,10638,"UAL307"
2017-07-15 14:10:41,-113.21806,35.31361,10668,"UAL307"
2017-07-15 14:11:43,-113.07667,35.37444,10668,"UAL307"
2017-07-15 14:12:45,-112.92834,35.43583,10668,"UAL307"
2017-07-15 14:13:47,-112.78389,35.49667,10668,"UAL307"
2017-07-15 14:14:49,-112.64027,35.55778,10668,"UAL307"
2017-07-15 14:15:50,-112.49167,35.62083,10668,"UAL307"
2017-07-15 14:16:52,-112.34556,35.68222,10668,"UAL307"
2017-07-15 14:17:54,-112.20055,35.74139,10668,"UAL307"
2017-07-15 14:18:56,-112.02639,35.81306,10668,"UAL307"
2017-07-15 14:19:58,-111.88277,35.8725,10638,"UAL307"
2017-07-15 14:20:51,-111.77361,35.91611,10668,"UAL307"
2017-07-15 14:21:54,-111.605,35.98583,10668,"UAL307"
2017-07-15 14:22:56,-111.46139,36.04361,10668,"UAL307"
2017-07-15 14:23:58,-111.31695,36.10222,10668,"UAL307"
2017-07-15 14:25:00,-111.17083,36.15639,10668,"UAL307"
2017-07-15 14:26:02,-111.0225,36.20778,10668,"UAL307"
2017-07-15 14:27:04,-110.87305,36.26111,10668,"UAL307"
2017-07-15 14:28:07,-110.69417,36.32472,10668,"UAL307"
2017-07-15 14:29:09,-110.54361,36.37667,10668,"UAL307"
2017-07-15 14:30:11,-110.39278,36.43,10668,"UAL307"
2017-07-15 14:31:13,-110.24277,36.4825,10668,"UAL307"
2017-07-15 14:32:15,-110.09389,36.53222,10668,"UAL307"
2017-07-15 14:33:17,-109.91444,36.59389,10668,"UAL307"
2017-07-15 14:34:20,-109.76278,36.64528,10668,"UAL307"
2017-07-15 14:35:22,-109.61139,36.69667,10668,"UAL307"
2017-07-15 14:36:24,-109.46056,36.74694,10668,"UAL307"
2017-07-15 14:37:26,-109.30889,36.79805,10668,"UAL307"
2017-07-15 14:38:28,-109.1575,36.84917,10668,"UAL307"
2017-07-15 14:39:30,-109.00611,36.89833,10668,"UAL307"
2017-07-15 14:40:33,-108.82611,36.95861,10668,"UAL307"
2017-07-15 14:41:35,-108.67528,37.00722,10668,"UAL307"
2017-07-15 14:42:37,-108.52528,37.05611,10668,"UAL307"
2017-07-15 14:43:39,-108.37167,37.10556,10668,"UAL307"
2017-07-15 14:44:41,-108.22056,37.15389,10668,"UAL307"
2017-07-15 14:45:43,-108.07,37.20306,10668,"UAL307"
2017-07-15 14:46:46,-107.88722,37.26028,10668,"UAL307"
2017-07-15 14:47:48,-107.73611,37.30833,10668,"UAL307"
2017-07-15 14:48:50,-107.58583,37.35639,10668,"UAL307"
2017-07-15 14:49:52,-107.43555,37.40306,10668,"UAL307"
2017-07-15 14:50:54,-107.28333,37.45139,10668,"UAL307"
2017-07-15 14:51:57,-107.09834,37.5075,10668,"UAL307"
2017-07-15 14:52:59,-106.94527,37.55556,10668,"UAL307"
2017-07-15 14:54:01,-106.79195,37.60194,10668,"UAL307"
2017-07-15 14:55:03,-106.63834,37.64944,10668,"UAL307"
2017-07-15 14:56:05,-106.48473,37.69584,10668,"UAL307"
2017-07-15 14:57:08,-106.33028,37.7425,10668,"UAL307"
2017-07-15 14:58:10,-106.16972,37.79083,10668,"UAL307"
2017-07-15 14:59:12,-105.98389,37.84444,10668,"UAL307"
2017-07-15 15:00:14,-105.82972,37.89194,10668,"UAL307"
2017-07-15 15:01:16,-105.67528,37.9375,10668,"UAL307"
2017-07-15 15:02:18,-105.52111,37.9825,10668,"UAL307"
2017-07-15 15:03:21,-105.36611,38.02694,10668,"UAL307"
2017-07-15 15:04:23,-105.21139,38.07167,10668,"UAL307"
2017-07-15 15:04:24,-105.17206,38.08372,10668,"UAL307"
2017-07-15 15:05:25,-105.02278,38.12611,10668,"UAL307"
2017-07-15 15:06:27,-104.86584,38.17028,10668,"UAL307"
2017-07-15 15:07:29,-104.70834,38.21583,10668,"UAL307"
2017-07-15 15:08:32,-104.54833,38.26056,10881,"UAL307"
2017-07-15 15:09:34,-104.39,38.30583,11186,"UAL307"
2017-07-15 15:09:37,-104.34745,38.31937,11247,"UAL307"
2017-07-15 15:10:36,-104.21416,38.3475,11278,"UAL307"
2017-07-15 15:11:38,-104.04195,38.39111,11278,"UAL307"
2017-07-15 15:11:46,-104.01214,38.40005,11278,"UAL307"
2017-07-15 15:12:40,-103.88111,38.43111,11278,"UAL307"
2017-07-15 15:13:42,-103.72278,38.46917,11278,"UAL307"
2017-07-15 15:14:45,-103.56167,38.50861,11278,"UAL307"
2017-07-15 15:15:47,-103.4,38.54694,11278,"UAL307"
2017-07-15 15:16:49,-103.23111,38.58694,11278,"UAL307"
2017-07-15 15:17:51,-103.07056,38.62528,11278,"UAL307"
2017-07-15 15:18:53,-102.91084,38.66361,11278,"UAL307"
2017-07-15 15:19:55,-102.72417,38.70694,11278,"UAL307"
2017-07-15 15:20:58,-102.56333,38.74389,11278,"UAL307"
2017-07-15 15:22:00,-102.40056,38.78167,11278,"UAL307"
2017-07-15 15:23:02,-102.23611,38.81944,11278,"UAL307"
2017-07-15 15:24:04,-102.04166,38.86417,11278,"UAL307"
2017-07-15 15:25:06,-101.87917,38.90306,11278,"UAL307"
2017-07-15 15:26:08,-101.72556,38.95555,11278,"UAL307"
2017-07-15 15:28:13,-101.39278,39.06417,11278,"UAL307"
2017-07-15 15:29:15,-101.23528,39.11,11278,"UAL307"
2017-07-15 15:30:17,-101.06722,39.13722,11278,"UAL307"
2017-07-15 15:31:19,-100.90056,39.16417,11278,"UAL307"
2017-07-15 15:32:21,-100.73556,39.19028,11278,"UAL307"
2017-07-15 15:33:24,-100.53584,39.22278,11278,"UAL307"
2017-07-15 15:34:26,-100.36889,39.24778,11278,"UAL307"
2017-07-15 15:35:28,-100.20333,39.27361,11278,"UAL307"
2017-07-15 15:36:30,-100.03667,39.29945,11278,"UAL307"
2017-07-15 15:37:32,-99.87167,39.32417,11278,"UAL307"
2017-07-15 15:38:35,-99.70556,39.34861,11278,"UAL307"
2017-07-15 15:39:37,-99.50472,39.37917,11278,"UAL307"
2017-07-15 15:41:22,-99.22222,39.42,11247,"UAL307"
2017-07-15 15:42:22,-99.05083,39.44528,11247,"UAL307"
2017-07-15 15:43:27,-98.88389,39.46833,11278,"UAL307"
2017-07-15 15:44:28,-98.67834,39.49861,11278,"UAL307"
2017-07-15 15:45:29,-98.53389,39.51805,11278,"UAL307"
2017-07-15 15:46:32,-98.32528,39.5475,11278,"UAL307"
2017-07-15 15:47:34,-98.15222,39.57139,11247,"UAL307"
2017-07-15 15:48:38,-97.97694,39.595,11278,"UAL307"
2017-07-15 15:49:39,-97.80889,39.6175,11278,"UAL307"
2017-07-15 15:50:39,-97.60139,39.64417,11278,"UAL307"
2017-07-15 15:51:41,-97.4275,39.66722,11278,"UAL307"
2017-07-15 15:53:54,-97.04222,39.71556,11247,"UAL307"
2017-07-15 15:54:56,-96.87111,39.73639,11247,"UAL307"
2017-07-15 15:55:51,-96.71917,39.75611,11278,"UAL307"
2017-07-15 15:57:55,-96.3575,39.80028,11278,"UAL307"
2017-07-15 15:58:59,-96.18445,39.82,11278,"UAL307"
2017-07-15 15:59:04,-96.1382,39.82611,11278,"UAL307"
2017-07-15 16:00:00,-95.99333,39.84306,11278,"UAL307"
2017-07-15 16:00:08,-95.95623,39.84659,11278,"UAL307"
2017-07-15 16:01:04,-95.82222,39.86222,11278,"UAL307"
2017-07-15 16:01:11,-95.77825,39.86724,11278,"UAL307"
2017-07-15 16:02:05,-95.64972,39.88278,11278,"UAL307"
2017-07-15 16:02:13,-95.60093,39.88794,11278,"UAL307"
2017-07-15 16:03:08,-95.47972,39.90167,11278,"UAL307"
2017-07-15 16:03:17,-95.4216,39.90697,11278,"UAL307"
2017-07-15 16:04:09,-95.30889,39.92056,11278,"UAL307"
2017-07-15 16:05:12,-95.1375,39.93972,11278,"UAL307"
2017-07-15 16:06:13,-94.93,39.96167,11278,"UAL307"
2017-07-15 16:07:17,-94.755,39.97667,11278,"UAL307"
2017-07-15 16:08:18,-94.57806,39.99111,11278,"UAL307"
2017-07-15 16:09:20,-94.40389,40.005,11278,"UAL307"
2017-07-15 16:10:24,-94.22945,40.02056,11278,"UAL307"
2017-07-15 16:11:25,-94.0475,40.05695,11278,"UAL307"
2017-07-15 16:12:28,-93.87917,40.09083,11278,"UAL307"
2017-07-15 16:13:29,-93.71167,40.12472,11278,"UAL307"
2017-07-15 16:15:34,-93.34055,40.19611,11278,"UAL307"
2017-07-15 16:16:34,-93.17223,40.22889,11278,"UAL307"
2017-07-15 16:17:38,-93.01556,40.25861,11278,"UAL307"
2017-07-15 16:19:43,-92.64389,40.32917,11278,"UAL307"
2017-07-15 16:20:44,-92.48695,40.35806,11247,"UAL307"
2017-07-15 16:21:48,-92.30917,40.39167,11278,"UAL307"
2017-07-15 16:22:48,-92.13778,40.4225,11278,"UAL307"
2017-07-15 16:23:49,-91.9325,40.45945,11278,"UAL307"
2017-07-15 16:24:54,-91.75945,40.49055,11278,"UAL307"
2017-07-15 16:25:54,-91.5875,40.52139,11278,"UAL307"
2017-07-15 16:26:58,-91.41444,40.55389,11278,"UAL307"
2017-07-15 16:28:00,-91.20921,40.61576,11278,"UAL307"
2017-07-15 16:29:02,-91.06667,40.66945,10942,"UAL307"
2017-07-15 16:30:02,-90.89051,40.72802,10607,"UAL307"
2017-07-15 16:31:05,-90.72896,40.78344,10363,"UAL307"
2017-07-15 16:32:08,-90.59472,40.82778,10089,"UAL307"
2017-07-15 16:33:11,-90.43889,40.88055,9784,"UAL307"
2017-07-15 16:34:12,-90.24944,40.94333,9449,"UAL307"
2017-07-15 16:34:13,-90.23237,40.94761,9418,"UAL307"
2017-07-15 16:35:14,-90.09361,40.99556,9144,"UAL307"
2017-07-15 16:35:18,-90.06245,41.00433,9114,"UAL307"
2017-07-15 16:36:16,-89.925,41.05167,8778,"UAL307"
2017-07-15 16:36:20,-89.8957,41.05978,8748,"UAL307"
2017-07-15 16:37:18,-89.76305,41.10444,8077,"UAL307"
2017-07-15 16:38:20,-89.60639,41.15472,7590,"UAL307"
2017-07-15 16:38:25,-89.56819,41.16798,7529,"UAL307"
2017-07-15 16:39:22,-89.46083,41.21305,7285,"UAL307"
2017-07-15 16:40:24,-89.3175,41.27222,6767,"UAL307"
2017-07-15 16:41:26,-89.15583,41.33694,5944,"UAL307"
2017-07-15 16:42:28,-89.01833,41.39167,5304,"UAL307"
2017-07-15 16:43:30,-88.8925,41.44111,4602,"UAL307"
2017-07-15 16:44:32,-88.75361,41.49528,3901,"UAL307"
2017-07-15 16:45:34,-88.6275,41.54472,3658,"UAL307"
2017-07-15 16:46:36,-88.51583,41.59833,3658,"UAL307"
2017-07-15 16:47:39,-88.41417,41.6725,3505,"UAL307"
2017-07-15 16:48:41,-88.32389,41.74166,3048,"UAL307"
2017-07-15 16:49:43,-88.23778,41.81417,3048,"UAL307"
2017-07-15 16:50:45,-88.11417,41.85695,3048,"UAL307"
2017-07-15 16:51:07,-88.06627,41.86098,3048,"UAL307"
2017-07-15 16:51:22,-88.03793,41.8635,3048,"UAL307"
2017-07-15 16:51:39,-88.00723,41.86615,2926,"UAL307"
2017-07-15 16:51:55,-87.97764,41.86907,2774,"UAL307"
2017-07-15 16:52:13,-87.94509,41.87203,2621,"UAL307"
2017-07-15 16:52:28,-87.91783,41.87437,2499,"UAL307"
2017-07-15 16:52:45,-87.88807,41.87766,2408,"UAL307"
2017-07-15 16:53:01,-87.8589,41.87962,2225,"UAL307"
2017-07-15 16:53:17,-87.83074,41.88241,2134,"UAL307"
2017-07-15 16:53:32,-87.80441,41.88471,2134,"UAL307"
2017-07-15 16:53:48,-87.77625,41.88577,2164,"UAL307"
2017-07-15 16:54:05,-87.74544,41.88498,2134,"UAL307"
2017-07-15 16:54:21,-87.71703,41.88532,2103,"UAL307"
2017-07-15 16:54:37,-87.68854,41.8852,2012,"UAL307"
2017-07-15 16:54:55,-87.65861,41.88493,1981,"UAL307"
2017-07-15 16:55:11,-87.63362,41.88457,1951,"UAL307"
2017-07-15 16:55:27,-87.61074,41.88449,1859,"UAL307"
2017-07-15 16:55:43,-87.58752,41.88459,1768,"UAL307"
2017-07-15 16:55:59,-87.56437,41.88492,1676,"UAL307"
2017-07-15 16:56:15,-87.54207,41.8921,1554,"UAL307"
2017-07-15 16:56:33,-87.52855,41.90893,1524,"UAL307"
2017-07-15 16:56:48,-87.51538,41.92221,1494,"UAL307"
2017-07-15 16:57:59,-87.5625,41.97583,1524,"UAL307"
2017-07-15 16:59:01,-87.62583,41.98389,1250,"UAL307"
2017-07-15 17:00:01,-87.69441,41.9839,1097,"UAL307"
2017-07-15 17:00:16,-87.71091,41.98371,1036,"UAL307"
2017-07-15 17:00:34,-87.73018,41.98382,975,"UAL307"
2017-07-15 17:00:50,-87.74726,41.98375,884,"UAL307"
2017-07-15 17:01:07,-87.76581,41.98395,792,"UAL307"
2017-07-15 17:01:23,-87.78286,41.98394,701,"UAL307"
2017-07-15 17:01:39,-87.79951,41.98414,610,"UAL307"
2017-07-15 17:01:55,-87.81459,41.98409,549,"UAL307"
2017-07-15 17:02:12,-87.83016,41.98412,457,"UAL307"
2017-07-15 17:02:28,-87.84421,41.98387,427,"UAL307"
2017-07-15 17:02:43,-87.85726,41.98389,335,"UAL307"
